Sample_ID,Site,Population,Treatment_PopType,Year,CO2CperHourperg,Overall_mineralization_rate,SORU_Biomass,POPRC_Biomass,MISC_Biomass,PercentN_SOIL,PercentN_LITTER,PercentN_POPRC,PercentN_MISC,PercentN_SORU,PercentC_SOIL,PercentC_LITTER,PercentC_POPRC,PercentC_MISC,PercentC_SORU,PlantDiversity,average_SOM
DCH_H1,DC,DC,Resistor,2021,3.420680221100748,40.8197061204636,17.980778515389254,29.753285809085245,28.265702043021317,0.3,1.2,2.4,2.2,3,3.4,43.1,42.7,40.7,47.3,1.5703826925832645,8.5572045915
DCH_H1,DC,DC,Resistor,2023,3.2270045135290766,43.69017549807375,28.74224841341795,33.91812080536912,10.100382683568524,0.3,2.4,1.6,2.4,2.7,4.5,49,43.7,46,45.5,1.0431720665075475,NA
DCH_H2,DC,DC,Resistor,2021,2.6181821524887203,-0.8291850291025935,9.403795346342118,44.70120100947134,25.8359775562322,0.2,1.1,2.8,2.3,1.6,3,44,44.4,46,47.6,1.5569331634932868,7.006497732
DCH_H2,DC,DC,Resistor,2023,1.7357746385473245,21.412224688920006,11.081263221517073,43.15671140939597,7.454556326237742,0.2,1.5,1.9,2.5,2.4,2.4,45.1,43.4,45.2,46.7,0.8306192702372093,NA
DCH_H3,DC,DC,Resistor,2021,2.0308647629986467,19.5588419914387,14.86187554482666,58.4992765790585,11.2576306354975,0.2,1,2.1,1.9,2.7,3.3,45.2,44.2,42.2,46.6,1.2641001987000602,6.7370830999999995
DCH_H3,DC,DC,Resistor,2023,1.9933489764269536,12.492785472404414,36.31124206708975,35.677852348993284,6.572614207127481,0.2,1.2,1.9,2,2.6,2.6,47.1,45,46.7,46.8,0.8590168151004672,NA
DCH_H4,DC,DC,Resistor,2021,1.9871554646195833,9.594950247533106,25.778035941795743,35.5024839630799,15.307171446812696,0.2,1.5,1.9,2.2,3.5,2.9,43.2,44.5,45.6,47.7,1.459711399869449,6.257227145
DCH_H4,DC,DC,Resistor,2023,2.263083774970685,13.499338689824857,60.2797219703838,27.75906040268456,5.69067208801722,0.2,2.6,1.8,5.6,2.4,3.1,43.2,42.8,42.6,45.1,0.7895296755863316,NA
DCH_H5,DC,DC,Resistor,2021,3.412167535019985,11.91159055387193,21.09968148595185,10.206012085503431,37.984599990177784,0.2,1.1,2,2,3.1,3.4,44.4,39.6,47.8,47.9,1.9666519473736936,7.749887031
DCH_H5,DC,DC,Resistor,2023,2.019211809116072,17.107309129557446,11.081263221517073,42.27684563758389,8.336498445348003,0.2,1.6,2.9,2.5,1.4,3.1,47,48.3,44.5,43,0.8092523346361203,NA
DCH_H6,DC,DC,Resistor,2021,2.2706669532812684,16.881807236118036,7.064618118420173,56.19959731746064,20.166620420390927,0.2,1.4,2.2,3.1,2,3.5,42.1,43.9,46.9,47.3,1.3189962610623915,7.134951688
DCH_H6,DC,DC,Resistor,2023,2.5579433254908266,21.67698617543138,48.926231489876095,29.07885906040268,9.218440564458263,0.2,0.7,2.1,1.4,3.3,3.5,46.1,43,49.5,46.4,1.098696283603592,NA
DCH_H7,DC,DC,Resistor,2021,2.898275386362304,24.492772481546826,21.8794072285925,41.25168211707455,16.117079609075734,0.3,1.5,2.4,2.1,3.6,3.5,42.7,44.9,45.9,47.8,1.2863562840731635,7.335223246
DCH_H7,DC,DC,Resistor,2023,3.256470584629435,25.776526966719544,48.926231489876095,32.158389261744965,5.24970102846209,0.5,2.6,2.1,2.3,2.4,7.1,46.1,43.9,44.8,46,0.9615196710448448,NA
DCH_H8,DC,DC,Resistor,2021,2.5268244404020748,23.336835633963542,17.201052772748607,27.453606547487386,29.885518367547395,0.3,1,2.1,2.5,2.8,4,45.8,44.2,43.5,46,1.7122870230480713,8.0303878335
DCH_H8,DC,DC,Resistor,2023,2.4642236576356886,24.810305171743988,71.6332124508915,13.68120805369127,15.833006457785217,0.2,2.6,1.2,1.8,2.4,3.3,41.9,42.2,43.1,44.6,1.1843971578607846,NA
DCH_V1,DC,DC,Vegetation,2021,2.375624118984656,19.892318404724982,13.302424059545363,67.69799362544994,7.208089824182307,0.3,1.3,2.2,2.8,2.4,3.7,44.8,44.1,44.2,47.3,1.1712542105076411,8.285839808
DCH_V1,DC,DC,Vegetation,2023,2.290294748663331,16.403182009325327,19.911755817467512,35.677852348993284,12.305237981344174,0.2,2,2.2,2.6,2.8,3.2,47,42.3,45,44.7,1.1460603690045292,NA
DCH_V2,DC,DC,Vegetation,2021,1.8827678661573035,20.59263750950338,9.403795346342118,56.19959731746064,17.73689593360181,0.2,1.9,2.6,2.9,3.4,2.8,43.9,45.2,45.3,47.5,1.5073022160471885,5.90504614
DCH_V2,DC,DC,Vegetation,2023,2.303436747610294,23.14709564304121,56.4952251435479,28.63892617449664,5.69067208801722,0.2,2,1.7,3.7,3,3,45.8,43.6,43.2,46.2,0.8168538148806387,NA
DCH_V3,DC,DC,Vegetation,2021,3.176473587036613,42.59524920923145,27.33748742707704,17.105049870297012,26.64588571849524,0.3,1.2,1.8,2.1,2.7,3.9,44.6,46.3,43,46.3,1.2432673003331707,9.5121436725
DCH_V3,DC,DC,Vegetation,2023,3.679763679832293,30.448960624690013,93.07869446962829,14.12114093959731,7.895527385792872,0.3,1.7,1.5,2.2,2.9,4.8,44,42.1,42.9,45.5,0.8121968624155879,NA
DCH_V4,DC,DC,Vegetation,2021,1.5463973865627076,36.68083246726828,25.778035941795743,26.303766916688456,21.786436744917005,0.2,1.3,1.8,2.4,2.5,3.3,44.5,43.7,43.8,47.2,1.7232441347951999,8.437392701
DCH_V4,DC,DC,Vegetation,2023,2.9779856933209623,18.314351144292466,37.572741009368386,29.51879194630872,11.864266921789044,0.3,1.2,1.4,2.4,3.1,4.4,45.5,43.4,44.5,47.4,1.2489195995423972,NA
DCH_V5,DC,DC,Vegetation,2021,2.159175026703646,17.90756145982388,6.284892375779524,59.64911620985743,19.35671225812789,0.2,0.8,3.1,2.8,2.8,2.9,45.5,44.5,45.1,46.1,1.265266902761422,7.236413669
DCH_V5,DC,DC,Vegetation,2023,2.7675233537299184,32.682856948684,53.97222725899063,30.398657718120802,5.24970102846209,0.3,2,1.3,3.1,2.6,3.7,45.5,44.2,49,45.9,0.7424631673941727,NA
DCH_V6,DC,DC,Vegetation,2021,2.7248526102796546,40.925294476512676,17.201052772748607,33.20280470148204,27.45579388075828,0.2,1.3,2.5,2.2,2.8,3.1,42.4,43,47.3,46.9,1.565018374194733,7.477770212
DCH_V6,DC,DC,Vegetation,2023,2.9910745986600826,52.64411077199166,24.95775158658205,37.877516778523486,8.336498445348003,0.3,2.5,2.7,2.8,2.5,3.7,46.3,44.9,46.3,45.8,1.064362215978836,NA
DCH_V7,DC,DC,Vegetation,2021,2.543004844862297,18.90739691038881,10.183521088982769,69.9976728870478,8.017997986445344,0.3,1.3,2.4,2.3,5.1,3.6,43.4,43.9,45,74.5,0.9835572051748972,7.424909667
DCH_V7,DC,DC,Vegetation,2023,2.0240970176705533,20.147113064811098,48.926231489876095,27.75906040268456,9.218440564458263,0.3,1.2,1.5,0,2.6,3.7,44.3,41.7,0,45.9,1.195332375675237,NA
DCH_V8,DC,DC,Vegetation,2021,1.622427986794528,19.134421236119657,6.284892375779524,27.453606547487386,41.22423263922994,0.2,2.3,2.8,3.8,2.4,2.5,45.4,44.3,44.4,42.7,1.9271821952927053,6.738080894
DCH_V8,DC,DC,Vegetation,2023,2.5760559273338415,30.299800419762704,12.342762163795706,44.91644295302013,5.24970102846209,0.2,0.7,1.3,2.3,2.3,3,44.9,43.6,45.1,45.5,0.5256547436773554,NA
DCN_H1,UP,DC,Resistor,2021,1.4671804840518878,-2.1328138406552495,5.933937378009096,47.35945345182779,49.59931911794176,0.2,0.6,1.6,1.9,1.9,2.7,44.9,43.5,44.1,47.6,1.579355520601442,6.0089965215
DCN_H1,UP,DC,Resistor,2023,2.2640836723046087,1.581649121092298,5.5581576026637185,55.23081435892895,99.3518554984694,0.2,0.9,1.1,2,2.1,2.9,43.8,43.4,44.8,43.5,1.1755359268930654,NA
DCN_H2,UP,DC,Resistor,2021,1.6719523694516432,-2.7771298915983036,19.64585409889394,43.12648454910452,43.516140301521474,0.2,0.9,1.6,2.4,1.8,2.5,41.5,44.2,51.5,46.3,1.3841587224081202,5.8672349740000005
DCN_H2,UP,DC,Resistor,2023,2.5586335523983035,-3.689370710266439,74.26714761376248,55.23081435892895,4.288537620164348,0.2,1,1.5,1.5,2,2.8,45.3,42.1,40.8,44.3,1.054248380751561,NA
DCN_H3,UP,DC,Resistor,2021,1.472823720147269,-2.822168371971899,12.789895738451518,66.83111040435482,21.211151307980444,0.2,0.8,2.7,2,2.2,3.4,43.6,44.7,41.7,46,1.154554356965914,6.216798141
DCN_H3,UP,DC,Resistor,2023,2.469031159604109,4.661288163081355,84.72286348501665,51.374802138563886,-1.9112439805946781,0.2,0.7,1.1,2.1,2.1,3.3,43.5,42.7,45.2,45.5,0.9118830479583887,NA
DCN_H4,UP,DC,Resistor,2021,1.4563467958679104,-5.526953759682735,53.925645901106044,38.89351564638125,18.169561899770304,0.1,0.8,1.2,3.1,1.9,2.2,44.3,44.6,44.5,49.2,1.2707300543845585,5.408047838
DCN_H4,UP,DC,Resistor,2023,2.4924394279449196,2.5598920225698465,68.29245283018868,56.194817414020214,8.421725354003698,0.2,1.1,1,1.9,2,2.8,41.7,39.9,39.3,45.3,1.1789191433663473,NA
DCN_H5,UP,DC,Resistor,2021,2.094527010196648,-4.848447217669073,32.215111093038374,25.3480151576668,52.6409085261519,0.2,1,1.8,2.6,2.3,2.4,42.6,43.3,45,47.7,1.4862290405358698,6.9547637985
DCN_H5,UP,DC,Resistor,2023,2.19196301144573,-2.779476375834763,93.68490566037735,45.5907838080163,-3.9778378475143534,0.2,0.9,1.2,1.5,2.7,3.1,43.7,41.8,43.6,46,0.8625700641066422,NA
DCN_H6,UP,DC,Resistor,2021,2.0057614603506124,4.520193521280717,33.35777081977878,32.12076540202403,44.530003437591525,0.1,1.1,1.9,1.9,1.6,1.9,42.2,43,46,45,1.478030214326541,5.84584104
DCN_H6,UP,DC,Resistor,2023,3.233654655652784,0.28079060053740834,78.74816870144284,43.66277769783377,20.82128855552175,0.1,0.5,2,0.9,2.2,2.4,43.1,43.1,45.5,45.9,1.2732403025492034,NA
DCN_H7,UP,DC,Resistor,2021,1.6033373847335168,-5.469272780231794,32.215111093038374,59.21176637945293,12.086383083350022,0.2,0.9,3.6,1.8,1.9,2.4,43.8,45.1,42.1,46,1.013755184968119,5.828813183499999
DCN_H7,UP,DC,Resistor,2023,2.7008562686544018,2.6122594580970575,69.78612652608213,57.15882046911148,6.355131487084023,0.2,1.4,1.5,1.5,2,2.7,45.6,43,42.1,44.8,0.975730007755216,NA
DCN_H8,UP,DC,Resistor,2021,1.3567404116657942,-1.3993898016769726,10.50457628497071,29.580984060390065,66.83499243113256,0.2,0.7,2.5,2.2,1.6,3,45.9,43.5,49.9,47.5,1.2872944036352312,6.326486281
DCN_H8,UP,DC,Resistor,2023,2.5105909730613645,3.0695973456758066,42.900000000000006,45.5907838080163,68.35294749467428,0.2,0.8,1.1,2.8,2.1,2.8,43,42.5,42.7,46,1.4007420303646878,NA
DCS_H1,YF,DC,Resistor,2021,1.0951951598546243,3.9469995946618535,45.817791733713996,46.225544132809425,22.762879591830178,0.1,0.5,2.1,1.6,2.1,1.2,46.8,44.9,40.8,46.6,1.3802392079399168,4.9013476905
DCS_H1,YF,DC,Resistor,2023,3.877560792663334,-8.302310451180356,-0.6601503759398413,77.86807010266514,6.259787954967753,0.1,1.3,1.3,1.3,1.7,2.4,46.2,42.7,43.1,46.5,0.5851171779274889,NA
DCS_H2,YF,DC,Resistor,2021,2.282979192219694,11.085227215788793,11.791222177524,34.844929603882356,70.33208207147477,0.2,1.2,2.8,2.1,2.2,3,42.9,44.9,41.1,47.5,1.7025214031643414,6.239869075
DCS_H2,YF,DC,Resistor,2023,2.963005133130049,21.504374348214576,-4.360902255639089,45.69454082161746,79.9707946223631,0.2,1.4,2.3,1.8,0,3.2,43.5,41.3,41.5,0,1.2524697182179085,NA
DCS_H4,YF,DC,Resistor,2021,1.7146060281246847,12.251831916620802,0.4490323254606697,94.02412515430312,21.573649529839063,0,0.9,2.3,1.5,0,1,40.9,39.6,38.8,0,0.8779086707663393,4.4816220565
DCS_H4,YF,DC,Resistor,2023,2.9732430751409344,16.703871851986793,-4.360902255639089,62.95838580169183,40.658257733085584,0.2,0.9,1.8,1.1,0,2.4,31.5,42.6,42.3,0,1.3450446101201623,NA
DCS_H5,YF,DC,Resistor,2021,1.8648635245732983,5.010754248259899,3.8516892810796692,23.464315074955287,89.35976306333261,0.1,1,1.9,1.8,2.1,2.1,44.2,39.6,42.4,47,1.806952917463415,7.0217695975
DCS_H5,YF,DC,Resistor,2023,3.1592626621021767,3.7800858299397833,8.591729323308277,13.521011540569774,132.38751047473312,0.3,0.9,1.2,1.7,0,4,44.9,43.8,42.6,0,1.1100605570361504,NA
DCS_H6,YF,DC,Resistor,2021,1.7337953557825552,8.495094357295152,9.522784207111334,87.19575643694688,18.00595934386572,0.1,1,2.2,1.8,3.2,2,45.4,43.4,39.6,46.9,0.9401695793417596,5.05733128
DCS_H6,YF,DC,Resistor,2023,4.093482935179068,1.1214707132963173,-4.360902255639089,78.65279032903217,9.53583269574088,0.2,1,1.5,2.1,0,2.8,45.3,41.5,44,0,0.4152177581785436,NA
DCS_H7,YF,DC,Resistor,2021,2.8231614140575063,7.337302979313346,21.999193044381,65.57258883198544,28.709029901785755,0.3,0.7,2.3,2.4,3.3,3.7,46.2,45.2,43.6,47.1,1.3575585458958002,5.445313855
DCS_H7,YF,DC,Resistor,2023,3.830988464699357,-20.612463125498074,-2.5105263157894653,84.14583191360128,-3.5683462673516266,0.2,1,1.9,2,0,3,45.1,44.9,45.3,0,0.2789202824409855,NA
DCS_H8,YF,DC,Resistor,2021,1.2533740880568671,-4.942714748503027,8.388565221905,47.36360558570213,62.00747163753697,0,2,2.2,2.6,2,1.1,44,40.7,40.4,46.3,1.9306113238187574,4.697350824
DCS_H8,YF,DC,Resistor,2023,3.2369238533972657,-1.152325019197772,-4.360902255639089,35.49317787884624,97.98904069661529,0.2,2,1.8,1.5,0,2.6,45.7,43,47.3,0,1.1490728238210643,NA
FNH_H1,FN,FN,Reactor,2021,3.628997388219813,24.355032099889932,33.65838612844617,8.99549037617515,51.506216601353756,0.4,1,2,3.1,1.9,5.1,46.4,45.1,48,47.7,1.2895345770620168,10.227683656
FNH_H1,FN,FN,Reactor,2023,3.9321543394122878,32.662006306899215,117.3759708737864,26.13766233766234,22.75652951699464,0.5,0.7,1.9,2.3,2,6.5,47.5,44.4,46.6,46.6,1.2466754592468938,NA
FNH_H2,FN,FN,Reactor,2021,1.9214389654419919,12.812033325390916,28.54423429970772,60.711860877529986,12.831868899180625,0.2,1.5,2.7,2.3,3.2,2.7,45.9,45.1,43.2,39.6,1.028990046243412,6.3922068445
FNH_H2,FN,FN,Reactor,2023,1.674609600441936,12.30949295179514,84.98798543689321,14.807792207792213,43.61520572450806,0.2,2,2.4,2.9,2.8,2.6,45.7,43.8,42.1,45.4,1.8826329301090445,NA
FNH_H3,FN,FN,Reactor,2021,2.999990525021285,28.69848860570333,25.13479974721542,60.711860877529986,14.7338859992875,0.3,1.4,2,1.2,3.2,3.3,46.9,45.5,47.5,45.6,0.9636986559814221,6.5775847185
FNH_H3,FN,FN,Reactor,2023,3.5375198208094325,34.49129476976237,109.9018203883495,9.142857142857148,38.60912343470484,0.4,1.6,1.9,1.9,2.2,5.4,44.4,45.3,44,45.5,1.4990851244151338,NA
FNH_H4,FN,FN,Reactor,2021,1.689146918301852,17.97708832502088,6.382909708507779,71.21674863561769,14.099880299251875,0.3,0.9,1.1,1.7,2.4,3.4,48.7,39.6,44.5,45.5,0.8162362632519946,6.471646647
FNH_H4,FN,FN,Reactor,2023,2.162691583223915,16.20772879873094,57.58276699029127,35.57922077922078,33.60304114490162,0.2,1.1,1.1,1.4,2.2,2.4,44,43.1,45.5,44.2,1.4017161597943644,NA
FNH_H5,FN,FN,Reactor,2021,1.6569831855621766,-5.396401103376284,20.020647918476975,71.21674863561769,8.39382899893125,0.1,1.4,2.3,0,3.6,1.7,46.9,39.6,0,46.7,0.5268246641512169,7.0896940485
FNH_H5,FN,FN,Reactor,2023,2.81990450236264,24.240881097542818,167.20364077669902,18.584415584415588,11.910017889087662,0.3,1.2,0,1,2.5,3.7,45.7,0,43,46.6,1.0613429535553152,NA
FNH_H6,FN,FN,Reactor,2021,2.2728447295135754,18.39770171326071,64.34329710087685,50.20697311944229,8.39382899893125,0.2,1.2,3.1,0,5.1,3.3,23.9,39.6,0,71.4,0.7370823796068668,9.388097055
FNH_H6,FN,FN,Reactor,2023,2.579097376976998,29.7189937262226,169.69502427184466,16.6961038961039,12.744364937388198,0.3,1.8,3,3,2.6,3.6,47.6,43.9,43.9,46.1,1.1431880941508612,NA
FNH_H7,FN,FN,Reactor,2021,1.8768337196084188,13.9908073426401,6.382909708507779,32.429470759601564,42.630136800855006,0.3,1.6,2.7,2.2,2.1,4.1,53.3,39.6,44.3,47.1,1.7240157541996455,8.2094479795
FNH_H7,FN,FN,Reactor,2023,4.141532875382139,21.77528704803069,-4.701820388349496,35.57922077922078,53.62737030411451,0.3,1.4,0.8,1.6,1.4,4,44.9,43.6,47.6,46.9,1.4763668856621575,NA
FNH_H8,FN,FN,Reactor,2021,2.4889059566079057,9.575088367191881,38.77253795718462,13.843900110677167,45.1661596009975,0.3,0.7,2.3,2.7,3.2,3.8,47.2,46.2,44.5,46.8,2.001369731335736,8.050365622
FNH_H8,FN,FN,Reactor,2023,4.813522884465806,26.644803741623235,99.93628640776699,13.863636363636369,38.60912343470484,0.4,1.6,1.9,2.3,2.1,5.2,46.2,44.7,45.6,47,1.9192066023812893,NA
FNH_V1,FN,FN,Vegetation,2021,1.5066169243220422,15.169831912013663,43.88668978592307,54.24731456486063,12.831868899180625,0.2,0.9,2.7,2.5,3.2,3.2,46.1,39.6,44.5,46.6,1.0358433452582747,5.7808498875000005
FNH_V1,FN,FN,Vegetation,2023,2.247164332639642,33.21581874438894,132.3242718446602,14.807792207792213,26.928264758497324,0.2,1.3,2,2.2,2.8,3.4,46.3,45.2,46.2,45.5,1.4311385219282595,NA
FNH_V2,FN,FN,Vegetation,2021,1.4724399759170774,14.407603660882515,37.06782068093847,63.13606574478099,9.027834698966874,0.2,1.5,1.9,3.1,3.3,2.6,47.5,43.5,44.8,46.6,0.716113503531619,5.9291725055
FNH_V2,FN,FN,Vegetation,2023,2.6246836790664703,30.727779484347174,129.83288834951455,33.690909090909095,11.910017889087662,0.3,0.8,0,2,2.7,3.6,46.7,0,45.3,45.7,1.152353659000803,NA
FNH_V3,FN,FN,Vegetation,2021,1.5665886130925788,30.41821382382693,25.13479974721542,66.36833890111568,10.295846099038124,0.3,1.2,3,2,3.3,3.9,44.4,45.9,48.2,45.3,0.7744426495896148,9.7858948965
FNH_V3,FN,FN,Vegetation,2023,3.396099777798188,34.77068941056687,147.27257281553398,11.97532467532468,24.425223613595715,0.4,0.7,2.5,2.3,2.8,5.8,45.6,44.9,44.6,44.7,1.2386492034357774,NA
FNH_V4,FN,FN,Vegetation,2021,2.2267492621609257,25.374496050568162,64.34329710087685,44.550495095856604,12.197863199145,0.3,1,2.4,2,3.1,4.4,47,45.7,46,47,1.0318465139249262,8.081575486
FNH_V4,FN,FN,Vegetation,2023,2.583478178020912,44.79419862902652,142.28980582524272,14.807792207792213,23.590876565295176,0.3,1.6,2.1,3.2,2.7,4.3,44.9,43.4,43.1,46.6,1.210042836557081,NA
FNH_V5,FN,FN,Vegetation,2021,2.60567091080845,13.857970961404058,30.24895157595387,28.389129314183215,38.82610260064125,0.4,1,3.1,2.2,2.7,5.3,46.7,45.3,45.6,47.5,1.433473008024765,9.1910276675
FNH_V5,FN,FN,Vegetation,2023,4.189980815447906,15.1088055590987,99.93628640776699,4.422077922077928,46.95259391771021,0.4,1.3,1.7,2.1,2.1,5.9,46.4,44.4,45.8,46.6,1.2995708171389717,NA
FNH_V6,FN,FN,Vegetation,2021,2.95170405409464,14.672563268558386,23.43008247096927,54.24731456486063,21.07394299964375,0.3,0.9,2.5,2.2,3,4.2,43.2,39.6,48.4,46.4,1.1648113836332343,8.5731685755
FNH_V6,FN,FN,Vegetation,2023,3.8574846798263493,14.396272739259935,37.65169902912623,15.751948051948057,57.79910554561719,0.4,2,2.1,2.3,2.4,5.2,44.9,43.6,44.8,48,1.457052163413035,NA
FNH_V7,FN,FN,Vegetation,2021,1.8004979315112806,24.311008762445855,42.18197250967692,11.419695243426158,47.70218240114001,0.6,1.2,2.6,2.2,3.1,8.5,46.5,44.4,48.2,46.2,1.660868731057367,8.0758636495
FNH_V7,FN,FN,Vegetation,2023,6.077992512808984,49.75158764781961,99.93628640776699,11.031168831168836,41.11216457960645,0.6,1.1,0.8,2,2,7.5,46,45.7,44.6,47.1,1.3652279584234124,NA
FNH_V8,FN,FN,Vegetation,2021,3.292073321744284,20.870701806883034,40.47725523343077,38.08594878318725,26.779994299964375,0.4,0.8,3.1,2.3,2.3,5.7,43.3,43.9,44.3,46.6,1.3498851400007317,8.722077247
FNH_V8,FN,FN,Vegetation,2023,3.482014905113533,35.468081961831075,77.51383495145632,43.13246753246754,20.25348837209303,0.6,1.4,2.8,2.1,2.6,7.6,44.5,45,46.5,46.8,1.3269265955626401,NA
FNN_H1,UP,FN,Reactor,2021,1.9172871544928656,-6.1320388487163715,4.791277651268693,27.887796499300762,73.93203438362289,0.2,0.8,2.1,2.2,0,3.2,43.4,39.6,42.4,0,0.8559951145079369,7.0794169905
FNN_H1,UP,FN,Reactor,2023,2.564296915080063,2.274535039172521,7.05183129855717,41.73477158765124,128.28416963534485,0.2,1.1,1,1.1,2.4,2.7,43.7,41.4,46.7,44,1.306388511496359,NA
FNN_H2,UP,FN,Reactor,2021,1.6454767436916622,-0.8002622675658002,2.5059581977878858,51.592422354551054,47.57159284580167,0.2,1,1.7,3.1,0,2.7,43.5,42.8,43.5,0,1.207426012053328,5.900781825999999
FNN_H2,UP,FN,Reactor,2023,2.4431674423580114,10.469754168377092,11.532852386237524,69.69086018529792,60.08657202699558,0.2,1.2,1.5,1.5,2.2,2.7,43.3,41.9,45.8,45.3,1.2884679526632343,NA
FNN_H3,UP,FN,Reactor,2021,1.8603026918896477,-0.7854335163974231,50.49766672088483,44.81967211019383,13.100246219420068,0.1,0.6,1.9,1.9,2.5,2.2,43.2,43.7,41.9,46.5,1.1147786491696257,6.2503761635
FNN_H3,UP,FN,Reactor,2023,2.169973965238154,4.349095022079058,83.22918978912318,53.302808248746416,-3.9778378475143534,0.2,0.8,3,0.9,2.3,2.5,44.2,47.1,43.5,45.9,0.8756272907047242,NA
FNN_H4,UP,FN,Reactor,2021,1.9362051253523844,-20.236889981338987,13.932555465191921,58.36517259890828,29.32205639654082,0.2,0.5,0.9,2.1,2.2,3.2,45.9,17.4,44,44.7,1.114847809666905,6.5986569165
FNN_H4,UP,FN,Reactor,2023,2.9259320851773274,4.217483845511348,63.81143174250832,66.79885102002413,-8.111025581353704,0.2,1.4,1.2,1.1,2.5,2.4,42.5,43,43.5,45.7,0.8325617718387759,NA
FNN_H5,UP,FN,Reactor,2021,1.5360428200880138,-27.929864949982193,18.503194372153533,71.91067308762273,9.04479367513988,0.2,1.1,2.2,2.1,2.2,3.2,45,44.9,44.4,47.9,0.8298717260217524,6.2702422705
FNN_H5,UP,FN,Reactor,2023,2.4361788551862773,-3.654922083978116,23.482241953385135,92.82693350748829,-6.044431714434029,0.2,0.8,1.4,1.1,2.2,3,43.3,41.5,45.4,44.9,0.6260723402019589,NA
FNN_H6,UP,FN,Reactor,2021,2.0443233890757937,-8.261861543998835,83.63479879635653,24.50142137712215,8.030930539069834,0.2,0.7,1.8,2.7,2.5,3.1,45.3,43.2,43.2,44.7,1.1048989192538827,6.9999486485
FNN_H6,UP,FN,Reactor,2023,2.426629978759647,-0.10497695169801458,75.76082130965594,61.01483268947654,-10.17761944827338,0.2,0.5,1.2,2,2.3,2.9,42.5,39.1,43.4,46.5,0.7460284726780722,NA
FNN_H7,UP,FN,Reactor,2021,1.9173599439494575,-10.18770688247402,27.64447218607676,49.05264101291709,28.308193260470773,0.2,0.7,1.9,2.4,2.2,2.9,43,44,44.4,45.1,1.2576940026086998,6.3817479514999995
FNN_H7,UP,FN,Reactor,2023,2.2007005667848603,0.07442392689954369,84.72286348501665,44.62678075292503,10.488319220923373,0.1,0.9,1.1,1.6,2.3,2.4,41,41,44,44.9,1.215485112649764,NA
FNS_H1,YF,FN,Reactor,2021,2.315771301658285,-3.79092823058338,24.267631014793665,66.71065028487816,22.762879591830178,0.1,1.3,2.7,2.3,2.9,2.5,43.4,45.5,43.5,47.4,1.3082125889072447,6.983873690999999
FNS_H1,YF,FN,Reactor,2023,2.5319467497338377,3.766953319385541,6.741353383458653,14.30573176693679,134.0255328451197,0.2,0.7,0,1.4,2.1,3.4,46.3,0,42.3,45.8,1.0183771005510498,NA
FNS_H2,YF,FN,Reactor,2021,1.0658770995293136,8.66052212501279,40.14669680768233,54.19197430305837,21.573649529839063,0.2,0.9,1.9,1.9,2.2,2.2,45.7,43.9,41.5,47,1.3612585548293386,5.2995748515
FNS_H2,YF,FN,Reactor,2023,3.2296139868486384,23.58811471659814,-4.360902255639089,52.757022858920614,65.22859328888403,0.2,1.2,1.5,2,0,3.4,44.9,44.6,42.5,0,1.2161494075590578,NA
FNS_H3,YF,FN,Reactor,2021,1.5370918529649933,6.480142386998608,14.059660147936667,63.29646592620003,39.41210045970579,0.3,3,2.4,2.2,2.3,2.8,65.6,45.8,41.9,47.1,1.407390178272803,5.1668772815
FNS_H3,YF,FN,Reactor,2023,2.86551204594008,12.99126881823626,-4.360902255639089,72.37502851809603,22.640011658833387,0.2,1.1,1,1.5,0,2.8,45.5,45.5,46.6,0,0.5552505662779199,NA
FNS_H4,YF,FN,Reactor,2021,1.6390931935621034,7.699386864676748,4.985908266286002,64.43452737909274,46.54748083165248,0.1,1.1,2.2,2.3,2,2,44.8,39.6,40.8,46.7,1.5844581836944323,5.2915721455
FNS_H4,YF,FN,Reactor,2023,3.0834887628812764,-2.8241108969697946,-4.360902255639089,54.32646331165464,60.31452617772434,0.2,1.2,2.1,1.8,0,3,44.2,43.2,44.5,0,0.7329713378402893,NA
FNS_H5,YF,FN,Reactor,2021,1.7964260416963094,3.784858143239016,9.522784207111334,56.46809720884379,51.30440107961694,0.2,1.3,2.5,2.4,2.6,2.2,46,44.7,45.6,47.4,1.5755954323927375,4.828939506
FNS_H5,YF,FN,Reactor,2023,2.835907394138731,6.737586497312961,-4.360902255639089,81.79167123450023,2.9837432141946265,0.1,1,1.5,1.4,0,1.8,45.9,43,42.7,0,0.3623566434494742,NA
FNS_H6,YF,FN,Reactor,2021,1.7140343144652865,20.592994901502152,18.596536088762,84.91963353116147,10.870578971919029,0.2,1.1,2.5,2.3,1.9,2.4,45.1,45.8,42.8,45.6,1.0102923596968594,5.7068667665
FNS_H6,YF,FN,Reactor,2023,2.316712166060921,32.14189143931497,30.79624060150376,44.909820595250444,50.48639195540496,0.2,1.7,2,2,2.2,2.7,45.2,44.6,42.9,46.8,1.3699953831003386,NA
FNS_H7,YF,FN,Reactor,2021,1.4892838261087835,7.642571630208163,8.388565221905,70.12483464355627,35.84441027373244,0.1,1.4,3.1,2.7,3.2,2,43,45.4,42.8,47.5,1.4749566456821197,5.642961023
FNS_H7,YF,FN,Reactor,2023,2.6489423797089997,8.812383435543396,-2.5105263157894653,79.43751055539919,6.259787954967753,0.2,1.5,2.1,2.6,2.4,3.2,44.7,44,45.5,47.9,0.4558980727687001,NA
FNS_H8,YF,FN,Reactor,2021,1.1068294700051768,6.194110097947167,14.059660147936667,62.15840447330732,41.79056058368802,0.3,1.2,2.3,2.3,2.9,4.7,44.3,37.4,43.3,43.4,1.739667524305169,4.893007481
FNS_H8,YF,FN,Reactor,2023,2.771146708503905,9.223408639952735,-4.360902255639089,63.74310602805885,39.02023536269902,0.2,1.1,1.3,1.6,0,2.5,44.5,43.8,45.1,0,0.8814310190223331,NA
SCH_H1,SC,SC,Resistor,2021,1.7996958221468318,4.433042894493187,-0.4921402877697929,59.792097178120365,27.105081344766024,0.2,1.5,2.4,2.6,2.8,3.9,46.9,46.5,44.4,47.7,1.3002115759480062,8.213412833
SCH_H1,SC,SC,Resistor,2023,2.2390272620476894,7.832114901356469,19.68746372214197,55.85690106411321,8.867706944612776,0.3,1.2,2.2,1.6,2,4.7,45.5,44.2,46.3,47.3,0.9636986559814221,NA
SCH_H2,SC,SC,Resistor,2021,2.0791656100074207,12.67007799721584,5.069658273381288,48.37626064311268,33.79182639744525,0.3,1.9,2.7,2.6,2.8,4.5,46.3,44.5,45.8,45.3,1.372671533323456,9.316171698
SCH_H2,SC,SC,Resistor,2023,2.5041240349953817,-3.1916681004888474,16.982116872072453,62.326160886395336,3.265840504181313,0.4,0.7,1.5,1.9,2.3,6.4,46.7,43.7,47.2,46.1,0.7294475449994388,NA
SCH_H3,SC,SC,Resistor,2021,1.453072316194885,19.24523351405096,13.412356115107908,62.23834786419344,14.56743437099248,0.3,1.7,3.1,1.9,2.7,3.8,47.9,47.8,43.9,45.5,0.9677686204036058,7.65606208
SCH_H3,SC,SC,Resistor,2023,3.0717840204950373,12.075868959435399,50.798952497941436,30.626787757212938,22.472239728517756,0.2,0.8,1.4,1.9,2.3,3.8,45.6,45.3,45.8,46.4,1.3386025114355524,NA
SCH_H4,SC,SC,Resistor,2021,2.1010539738902603,19.812102594864193,45.39269784172662,34.51417342203192,22.925865686841508,0.3,2.7,2.8,2.2,3.4,4.8,46.9,44.9,43.8,45.8,1.5189351747479385,8.438590399
SCH_H4,SC,SC,Resistor,2023,2.479772239631563,17.936194402975815,26.450830847315768,55.209975081885,6.46690704157072,0.3,0.9,1.7,2.5,2.1,4,46.1,45.5,44.5,45.1,0.990950874746942,NA
SCH_H5,SC,SC,Resistor,2021,2.117533761542732,13.34878860949723,9.241007194244599,45.9300099570396,34.62766952903015,0.4,1,3.7,1.8,2.4,5,47.7,47.4,42.9,47.9,1.3884843347825326,8.4387303095
SCH_H5,SC,SC,Resistor,2023,2.0469969011819784,11.694683294352036,27.803504272350526,44.212233384005394,18.470906556780996,0.2,1.2,2.4,2.6,2.6,3.6,45.2,46,46.3,47.1,1.208868998478202,NA
SCH_H6,SC,SC,Resistor,2021,1.6954412026318924,31.149472753302472,6.460107913669058,72.02335060848574,9.552375581483062,0.4,2.5,3.1,3,3.2,5.5,46.8,44,42.4,46.3,0.8162362632519946,9.7396812105
SCH_H6,SC,SC,Resistor,2023,3.016905229926839,34.289204146783646,52.151625922976194,43.56530740177718,4.866373772876017,0.3,0.9,2.2,2.1,2.7,4.8,46.2,45.5,46.2,47.4,1.098696283603592,NA
SCH_H7,SC,SC,Resistor,2021,1.8554654179214585,10.81387993408657,49.56404676258993,30.43708894524346,25.433395081596217,0.3,0.9,2,2,3.3,4.3,47.2,46.1,43.2,46.9,1.3450608298777043,8.0075462985
SCH_H7,SC,SC,Resistor,2023,2.3816772027275697,8.7416437346874325,21.04013714717673,29.332935792756512,40.87837231850685,0.2,1.2,1.3,2.7,2.4,3.6,45,44.1,45.3,46.8,1.4236183495663561,NA
SCH_H8,SC,SC,Resistor,2021,2.0345290937360287,28.24993692473049,-0.4921402877697929,64.68459855026651,20.4183362920868,0.3,1.6,1.9,3.2,0,4.7,46.7,44.6,43,0,0.956734184247659,8.9360801535
SCH_H8,SC,SC,Resistor,2023,2.2878308082211065,7.928910643514518,-1.9553110784141756,48.74071525960288,30.474906071991274,0.3,1.5,2.4,1.9,2.1,5.2,46.5,43.9,44.2,46.2,1.2756698363421848,NA
SCH_V1,SC,SC,Vegetation,2021,1.7213784929095859,19.76355405336787,20.36460431654676,28.806255154528074,45.49363023963389,0.3,1.7,1.1,2.9,3.3,4.7,45.3,44.9,45.3,46.1,1.5443687885900383,9.082900451
SCH_V1,SC,SC,Vegetation,2023,2.492828603265404,22.855270692220536,21.04013714717673,44.212233384005394,22.472239728517756,0.3,0.8,1.6,1.7,2.6,4.8,45.7,45.6,46.3,47.4,1.473993533963997,NA
SCH_V3,SC,SC,Vegetation,2021,1.7370320993179378,21.420362121920427,-0.4921402877697929,58.97668028276267,27.105081344766024,0.2,1.2,3.1,3.2,3,3.5,43.7,44,44.3,46,1.180918034878235,8.552242831000001
SCH_V3,SC,SC,Vegetation,2023,2.6681877648930703,21.51999428596717,27.803504272350526,50.0345672240593,10.468240213307478,0.3,1.2,1.9,2.1,2.6,4.3,43.5,44.6,44.9,46.1,1.1906638540986976,NA
SCH_V4,SC,SC,Vegetation,2021,1.8435021551339341,12.57628049718411,21.75505395683453,32.88333963131653,39.64272831853957,0.3,1.2,3.3,3.1,2.9,4,46,45.4,42.1,45.7,1.603717515017429,9.236002578
SCH_V4,SC,SC,Vegetation,2023,3.4959309839482042,8.01463992411538,73.79440072353233,27.392157846071875,12.068773482002182,0.4,1.6,2.4,2.4,2.3,5.6,44.9,45.3,45.2,46.4,1.2604127707229777,NA
SCH_V5,SC,SC,Vegetation,2021,1.744937800006114,6.391515610605718,35.659550359712235,28.806255154528074,36.299355792199954,0.3,1.1,2.6,1.8,3,4.5,45.4,44.9,45.7,45.6,1.8331216406166242,8.9788625585
SCH_V5,SC,SC,Vegetation,2023,2.4379025176159406,14.121007196089224,46.74093222283715,36.449121597266846,16.87037328808629,0.3,1.3,1.5,2.4,2.6,5,46.2,45.1,42.6,47.6,1.2185722731959228,NA
SCH_V6,SC,SC,Vegetation,2021,1.8807437396167872,23.195729427085375,20.36460431654676,60.60751407347806,12.059904976237771,0.3,1.2,2.6,2.7,3,4.1,45.2,39.6,46.6,48.9,0.9101133700716308,9.0892225755
SCH_V6,SC,SC,Vegetation,2023,2.532820404067193,3.9352738456809884,14.276770022002935,51.328419188515724,17.670639922433644,0.3,1.1,1.7,2.2,2.3,4.3,46.6,43.7,44.1,47.5,1.161565255717097,NA
SCH_V7,SC,SC,Vegetation,2021,1.9972039366896692,10.921013278359286,34.269100719424465,39.406674794178066,26.26923821318112,0.2,1.4,3,2.6,2.5,3.6,46.2,45.5,55,48.4,1.1581812251658845,8.2178861885
SCH_V7,SC,SC,Vegetation,2023,2.1081889098082804,6.621466591238306,44.035585372767635,42.91838141954897,10.468240213307478,0.3,1.1,1.5,2,2.4,3.7,48.1,44.3,44.6,48.4,1.0481472140317885,NA
SCH_V8,SC,SC,Vegetation,2021,1.8335916085714836,-0.15591175687137815,5.069658273381288,62.23834786419344,19.582493160501897,0.2,0.8,2.8,1.8,3.5,4,46.8,43.1,45.6,47.3,1.060674309702614,8.460249037499999
SCH_V8,SC,SC,Vegetation,2023,2.9336258468527143,5.728936096360519,41.33023852269812,29.979861774984723,27.273839534601866,0.4,1.2,1.9,1.7,2.1,5.6,47.4,43.1,45.8,45.8,1.2810505416521223,NA
SCN_H1,UP,SC,Resistor,2021,2.789834590228155,-1.3868528543494447,31.072451366297972,30.42757784093472,47.57159284580167,0.2,0.9,2.8,2.3,1.8,2.6,44.4,43.7,44.5,46.3,1.7119448473820522,7.3507762875000004
SCN_H1,UP,SC,Resistor,2023,3.0546310433554744,18.46211442983457,10.039178690344073,80.29489379130185,39.42063335779883,0.2,1,1.4,2.1,2.5,3.6,41.9,44,46.9,46.8,0.9761150643172979,NA
SCN_H2,UP,SC,Resistor,2021,1.523449336290279,-2.133967261225679,31.072451366297972,54.97879747672967,19.18342503584035,0.1,1.2,1.8,2.1,2.3,2.4,43.3,43.7,42.7,46.7,1.283629059850286,6.165402594
SCN_H2,UP,SC,Resistor,2023,2.576500548190753,3.9933016121324756,60.82408435072142,56.194817414020214,20.82128855552175,0.2,0.8,1.6,1.3,2.2,3,41.1,42.1,44.3,45.4,1.4640786980553373,NA
SCN_H3,UP,SC,Resistor,2021,1.802217495356203,-14.520255528116806,16.217874918672727,59.21176637945293,26.28046698833068,0.2,0.5,2.2,1.7,1.8,2.8,44.2,45.8,46.1,43.1,1.1326081665677366,6.6321979424999995
SCN_H3,UP,SC,Resistor,2023,2.438344255053947,-0.9489655613597077,72.77347391786903,59.08682657929401,-1.9112439805946781,0.2,0.8,1.1,1.9,2.5,2.7,40.4,41.3,41.9,47.2,0.9249648428662819,NA
SCN_H4,UP,SC,Resistor,2021,1.8466327845132557,-10.711923154197288,7.0765971047495,56.67198503781897,37.432961485101195,0.2,0.4,2.1,1.9,2.2,2.9,47,43.9,42.7,45.4,1.2783223953382252,6.4743412485
SCN_H4,UP,SC,Resistor,2023,2.5074932168500617,0.15094257416620765,30.950610432852393,70.65486324038919,29.08766402320045,0.1,1,1.5,2,2.5,2.5,38.6,39.9,42.8,44.4,1.230037981840667,NA
SCN_H5,UP,SC,Resistor,2021,1.5659587225604295,-1.4647240402084885,12.789895738451518,73.60386064871204,12.086383083350022,0.1,0.6,1.5,2,2.5,2.3,45.1,44.1,43.9,45.8,0.8385889024022443,5.925845971
SCN_H5,UP,SC,Resistor,2023,1.9264121769619913,5.254107832839521,80.24184239733628,46.55478686310756,16.6881008216824,0.2,0.9,2.4,1.4,2.2,2.9,41.6,42.9,44.8,44.1,1.0727667340457467,NA
SCN_H6,UP,SC,Resistor,2021,1.4971627938526493,-0.7795532131179386,8.219256831489904,66.83111040435482,24.252740716190583,0.2,0.6,1.5,2.1,2.2,2.4,46.8,44.5,42.4,47,1.0625825120263297,6.073845497000001
SCN_H6,UP,SC,Resistor,2023,2.651579357606919,-7.30052591415779,44.393673695893455,75.47487851584552,2.2219437532446724,0.2,1,1.4,1.7,2.2,2.8,43.2,40.9,45.1,45.9,0.8886930982240949,NA
SCN_H7,UP,SC,Resistor,2021,1.94035046652895,-2.3029341963805883,2.5059581977878858,46.51285967128313,54.668634798292,0.2,0.6,1.4,1.9,2,2.6,45,42.6,44.2,46.7,1.5804507986744767,5.81669299
SCN_H7,UP,SC,Resistor,2023,3.137162339322253,3.8545079449370325,20.494894561598233,63.90684185475034,60.08657202699558,0.1,1.1,1.8,1.5,2.7,2.4,43.3,38.6,43,46.7,1.3288654128386055,NA
SCN_H8,UP,SC,Resistor,2021,2.1069605874648367,-4.276911010392049,25.359152732595955,45.66626589073848,35.4052352129611,0.2,1.6,2.2,2,3,3.1,42.2,44.9,44,48,1.5301013686783456,7.2349954665
SCN_H8,UP,SC,Resistor,2023,3.2274168322802925,-0.6119929997869791,53.35571587125416,33.05874409182985,82.819104563112,0.2,1.1,2.1,1.2,2.8,3.4,44.1,40.9,46.1,46.6,1.619360534810952,NA
SCS_H1,YF,SC,Resistor,2021,1.6086907201776195,17.459118802130206,3.8516892810796692,16.635946357599046,95.30591337328819,0.2,1.2,2.3,2.3,2.4,3.1,45.7,39.6,45.9,45.4,1.7769405345669274,6.368141291
SCS_H1,YF,SC,Resistor,2023,3.4706991006969963,6.933132694907569,3.0406015037594063,26.076535162442042,112.73124203009436,0.2,1.1,1.9,1.5,2.3,2.9,44.9,43.9,40.2,47.4,1.4248824072308506,NA
SCS_H2,YF,SC,Resistor,2021,1.3618069138437487,15.655292170772764,9.522784207111334,61.020343020414614,47.73671089364359,0.1,1.3,2.1,1.9,2.8,1.9,42.3,61.2,40.7,46.7,1.6831578516344528,5.2432607155
SCS_H2,YF,SC,Resistor,2023,2.839494041541938,10.09326164676681,10.442105263157902,73.15974874446304,6.259787954967753,0.2,0.7,2,1.4,2.2,2.9,45.3,44,44,45.6,0.7462297422375356,NA
SCS_H3,YF,SC,Resistor,2021,1.4118984763113245,8.53216982375603,19.730755073968332,65.57258883198544,29.89825996377687,0.1,1.1,2.7,2.1,2.5,1.7,45.2,43.3,41.2,46.6,1.464693430955168,5.621769363
SCS_H3,YF,SC,Resistor,2023,2.934908215246572,10.599403457492633,-4.360902255639089,17.44461267240486,138.93959995627938,0.2,0.9,1.5,2.3,2.2,2.6,45.7,43.6,44.9,47.6,1.3510394158370158,NA
SCS_H4,YF,SC,Resistor,2021,1.9328284284531172,17.351319432289813,6.1201272514923355,41.6732983212386,70.33208207147477,0.2,0.8,2.2,2.2,2.7,3,47,39.6,46.3,48.3,1.4391054668215773,6.386552079
SCS_H4,YF,SC,Resistor,2023,2.9601020888116447,3.703011628136232,-4.360902255639089,44.909820595250444,78.33277225197654,0.2,0.9,1.8,1.6,0,3.2,45.6,43.8,44.1,0,0.929594704680054,NA
SCS_H5,YF,SC,Resistor,2021,1.372875627951331,9.85474424957072,17.462317103555666,76.95320336091251,20.384419467847948,0.2,0.8,2.1,2.7,2.3,3.2,33.1,43.6,50.9,47.9,1.1770453027162644,4.6461190595
SCS_H5,YF,SC,Resistor,2023,3.192607002587705,16.593118473388582,1.1902255639097825,76.29862964993112,9.53583269574088,0.2,2.8,2.2,1.5,1.9,2.6,45.6,43.9,35.1,47.1,0.5634353677755297,NA
SCS_H6,YF,SC,Resistor,2021,1.2316716696176144,20.651455287254365,60.562638541396325,38.25911396256048,15.62749921988349,0,1.3,2.6,3,2.8,0.8,46.8,44.9,44.8,47.7,1.2268888571422507,5.682798881
SCS_H6,YF,SC,Resistor,2023,3.1313426521785774,16.065530487892456,27.095488721804514,62.95838580169183,14.44989980690057,0.2,1.2,1.9,2,2.2,3.3,45.4,42.7,43,47.7,0.9198933860967848,NA
SCS_H7,YF,SC,Resistor,2021,1.0936216024904544,7.6539245486419105,97.99186505320532,0.7030860171011503,14.438269157892375,0.2,2,2.6,1.9,2.5,2.3,46,39.6,45.9,47.6,0.847920669729981,4.430710593000001
SCS_H7,YF,SC,Resistor,2023,3.7379409822877903,5.076011792855383,-0.6601503759398413,81.00695100813321,1.3457208438080632,0.2,1.1,1.9,2.9,2.2,3.3,48.3,44.7,44.2,45.8,0.4186020595641258,NA
SCS_H8,YF,SC,Resistor,2021,1.8504581885810791,7.004544125384441,18.596536088762,51.91585139727296,44.16902070767025,0.2,0.8,2.2,2.3,2.3,3.2,44.6,44.2,41,47.1,1.5680174721380062,7.2222926745
SCS_H8,YF,SC,Resistor,2023,3.388688810599132,8.233483832626181,4.89097744360903,33.13901719974519,94.71299595584217,0.2,1.1,2.3,1.5,2.7,3.6,44.9,43.9,42.2,46.8,1.139263027106794,NA
UPH_H1,UP,UP,Reactor,2021,1.791007951047909,-1.7598426406455392,2.5059581977878858,59.21176637945293,36.419098349031145,0.2,1.1,2.5,2.9,1.8,2.6,44.1,44.5,42.8,46.9,1.3967200069686052,5.7258050505
UPH_H1,UP,UP,Reactor,2023,2.572796367067312,2.933147738086051,1.0771365149833647,68.72685713020667,76.61932296235298,0.1,1,2.2,2.1,0,2.4,42.7,42.9,43.5,0,1.1456606777325842,NA
UPH_H2,UP,UP,Reactor,2021,2.098241647157665,-6.987255074492539,12.789895738451518,75.29704820980135,10.058656811209927,0.2,1,3.6,2.1,2.1,2.7,43.8,46.2,37.7,47.7,0.7636046280347693,6.353445275
UPH_H2,UP,UP,Reactor,2023,2.11226866341521,6.013297084542071,38.418978912319645,67.7628540751154,29.08766402320045,0.2,0.9,1.4,1.7,2.5,3.1,41.5,41,46,45,1.1959648963704321,NA
UPH_H3,UP,UP,Reactor,2021,1.8058702622522396,-12.48959257519376,16.217874918672727,65.1379228432655,20.197288171910397,0.2,0.8,2.4,1.7,2.3,2.5,42.2,43,45.7,44.9,1.257743438736218,5.3989685915
UPH_H3,UP,UP,Reactor,2023,1.946956986002613,4.909310934216063,5.5581576026637185,79.33089073621058,49.7536026923972,0.1,1,1.1,1.9,2.4,2.2,45,43.5,44.5,44.5,0.9147008811131843,NA
UPH_H4,UP,UP,Reactor,2021,1.5470608237809502,-0.2805032626689113,20.788513825634343,22.80823381603284,65.8211292950625,0.1,0.9,1.8,2.1,0,2.3,42.2,39.6,44.9,0,1.4238832452119574,5.385094963
UPH_H4,UP,UP,Reactor,2023,2.066918727134234,5.081509818058208,38.418978912319645,31.130737981647318,105.55163709922843,0.2,0.9,1.3,1.5,2.5,3.2,43.3,44.3,46.1,46.7,1.7805880261781846,NA
UPH_H5,UP,UP,Reactor,2021,1.2530162217594256,-1.5264929777402958,25.359152732595955,59.21176637945293,19.18342503584035,0.2,0.6,3.1,2.1,2.5,3.1,45.3,44.8,43.4,48.6,1.2327092369668724,6.1504817475
UPH_H5,UP,UP,Reactor,2023,2.709936118469046,1.7654441649266728,84.72286348501665,31.130737981647318,43.55382109163818,0.3,1.3,0.6,1.4,2.4,3.9,43.9,41.7,44.1,45.9,1.1052233685149715,NA
UPH_H6,UP,UP,Reactor,2021,1.6080682345680557,-5.166247221729418,31.072451366297972,53.28560991564036,20.197288171910397,0.1,1.1,1.7,2.6,2.6,2.3,44.4,43.5,44.3,46.8,1.4379861189928356,5.671645403
UPH_H6,UP,UP,Reactor,2023,2.262580639158715,2.7252107986014438,50.36836847946726,61.01483268947654,22.887882422441425,0.2,1.2,2,2.2,2,2.4,42.9,42.2,42.2,45.3,1.211983404951273,NA
UPH_H7,UP,UP,Reactor,2021,2.5417048679430225,-11.633113560407265,32.215111093038374,33.81395296311334,41.48841402938138,0.2,0.5,1.9,3.3,2.2,3.1,46.9,44.2,45.9,46.4,1.4634381354734927,6.3737523675
UPH_H7,UP,UP,Reactor,2023,2.2696275060678515,3.8401475037180135,51.86204217536071,70.65486324038919,0.15534988632499713,0.2,1.1,1.4,1.7,2.4,2.8,42.8,42.4,44.4,45.9,1.014543586519396,NA
UPH_H8,UP,UP,Reactor,2021,1.4944937567291707,-4.176018834925054,20.788513825634343,25.3480151576668,62.77953988685237,0.2,1,1.1,1.5,2.4,2.6,43.1,39.6,43,48.8,1.4264690916021137,5.840315047000001
UPH_H8,UP,UP,Reactor,2023,2.2159350412278287,3.4531119875955842,35.43163152053275,39.8067654774687,91.0854800307907,0.2,1.1,1.5,1.1,2.7,2.4,40,41.3,44.7,47.6,1.558750050618268,NA
UPH_V1,UP,UP,Vegetation,2021,1.9998712740267588,-5.724298558127488,21.931173552374744,59.21176637945293,23.238877580120537,0.2,1.3,1.3,2.8,2.1,2.4,44.6,43.1,46.6,48.2,1.3059967915567388,6.534098933
UPH_V1,UP,UP,Vegetation,2023,2.7730799494651315,5.310091310693126,35.43163152053275,57.15882046911148,55.95338429315623,0.2,1,1.9,1.6,2.3,2.7,45.7,43.1,44.9,45.9,1.497784839857926,NA
UPH_V2,UP,UP,Vegetation,2021,2.0698134291812886,-1.732721462721357,9.361916558230307,77.8368295514353,10.058656811209927,0.2,0.8,2.1,1.5,0,2.5,45,44.1,42.9,0,0.7234358193734295,5.6595069805
UPH_V2,UP,UP,Vegetation,2023,2.4933275618291857,4.76994897792936,20.494894561598233,78.36688768111932,31.154257890120128,0.2,1.4,1.7,1.6,2.5,3,43.3,43.1,43.2,45,1.0828378760046082,NA
UPH_V3,UP,UP,Vegetation,2021,2.799064400561697,-5.494393591874778,17.360534645413132,47.35945345182779,38.446824621171245,0.2,1.3,2.4,2.3,0,2.6,43.9,44.3,47.7,0,1.4985659306134467,6.0111321325
UPH_V3,UP,UP,Vegetation,2023,2.0457135433861127,0.25099313505066545,50.36836847946726,32.09474103673858,86.95229229695136,0.1,1,1.7,1.5,2.8,2.3,43.4,43.5,45.5,46.5,1.4728932487428974,NA
UPH_V4,UP,UP,Vegetation,2021,2.341500183801439,-5.736573920683738,7.0765971047495,46.51285967128313,50.613182254011804,0.1,0.9,1.5,2.6,1.8,1.9,42.3,44,47.1,47.5,1.6190597269417013,6.003073907999999
UPH_V4,UP,UP,Vegetation,2023,2.1942784016033556,0.5434444045265304,26.469589345172036,45.5907838080163,93.15207389771038,0.2,1.2,1,1.9,2.1,3,44.4,43.3,46.2,46.1,1.64858823651855,NA
UPH_V5,UP,UP,Vegetation,2021,1.5664263359694448,-1.818328773433261,5.933937378009096,54.97879747672967,40.47455089331134,0.2,0.8,2.1,3,0,3,44.4,45.7,47.7,0,1.0376879831104437,6.337024985
UPH_V5,UP,UP,Vegetation,2023,3.0617056800458586,-2.902148933064197,7.05183129855717,80.29489379130185,41.4872272247185,0.2,1.2,2.4,2.9,2.6,2.8,43.6,44.4,47.5,46.1,1.0986122886681096,NA
UPH_V6,UP,UP,Vegetation,2021,2.546367421384225,-1.0262490687299688,29.92979163955757,23.654827596577494,56.69636107043209,0.2,0.4,1.5,2.2,2.4,2.7,45.7,39.6,48.5,47.9,1.3719454407810507,6.3151718195
UPH_V6,UP,UP,Vegetation,2023,2.5745281658499275,3.3987757748253427,65.30510543840177,49.44679602838136,29.08766402320045,0.2,1,1.3,1.4,2.4,2.7,46.1,43.3,43.6,47,1.3154889498303444,NA
UPH_V7,UP,UP,Vegetation,2021,1.4888934238752798,-22.578860870868596,13.932555465191921,51.592422354551054,36.419098349031145,0.2,0.7,2.3,1.8,1.9,2.5,46.1,44,45,48.7,1.3856335268410775,6.245887843
UPH_V7,UP,UP,Vegetation,2023,3.1863577719558114,-0.07170877640648832,33.93795782463929,41.73477158765124,89.01888616387103,0.2,1,2.7,1.2,2.2,3.5,43.9,42.8,44.1,45.6,1.5927847705548495,NA
UPH_V8,UP,UP,Vegetation,2021,2.157210741444895,-1.6625004841205606,20.788513825634343,57.51857881836362,24.252740716190583,0.2,1,1.8,1.9,2.1,2.6,44.2,43.5,43.8,47,1.3335228934056282,6.2249153995
UPH_V8,UP,UP,Vegetation,2023,1.7821666556622695,7.146789530498883,93.68490566037735,44.62678075292503,-1.9112439805946781,0.2,0.9,1.5,1.3,2.5,2.4,36.4,39.3,45.2,45.6,1.0682720241459989,NA
UPS_H1,YF,UP,Reactor,2021,1.563031460199213,15.482231393052867,12.925441162730333,76.95320336091251,25.141339715812407,0.1,1.9,2.2,2.2,1.4,1.6,42,39.6,42.1,46.9,1.1891809482016498,5.351242409499999
UPS_H1,YF,UP,Reactor,2023,2.586247422327606,7.26552391467804,-4.360902255639089,75.5139094235641,16.087922177287133,0.2,0.7,1.6,2.3,0,2.3,45.2,42.1,43.1,0,0.6446981049870489,NA
UPS_H2,YF,UP,Reactor,2021,1.6913405231044618,25.357612994753797,33.34138289644433,8.669516187350098,76.27823238143036,0.1,1.7,3.4,2.7,2.1,2.1,39.7,42.8,41,46.7,1.297334655082625,5.624734656499999
UPS_H2,YF,UP,Reactor,2023,2.7202350792437464,25.049455670902592,23.394736842105267,62.17366557532481,19.36396691806026,0.2,1.5,2.2,3,2.6,2.8,45.8,44.8,43.7,47.8,1.1122011827550544,NA
UPS_H3,YF,UP,Reactor,2021,1.690546362069688,22.370505261743666,8.388565221905,72.40095754934168,33.46595014975021,0.1,1.8,3.6,3.4,2.3,2.2,47,46.1,44.7,46.4,1.3497096235281418,5.3181537164999995
UPS_H3,YF,UP,Reactor,2023,2.989945554457059,26.564660383032795,-4.360902255639089,33.92373742611221,101.26508543738842,0.2,1.2,4,2.3,0,3.2,47.1,42.2,44.6,0,1.1735798319791921,NA
UPS_H4,YF,UP,Reactor,2021,1.1445755516649037,12.182718561364887,20.864974059174667,90.609940795625,3.73519859997234,0.2,1.6,2.1,2.5,2.1,2.3,46.1,45.2,40.2,47.6,0.7931487055141002,4.321940812
UPS_H4,YF,UP,Reactor,2023,3.7899794502103616,9.644974677344685,8.591729323308277,63.74310602805885,29.192101140379638,0.2,1.1,1.5,1.1,2.1,2.5,45.7,44.4,44.4,46.4,0.9000167188130308,NA
UPS_H5,YF,UP,Reactor,2021,1.8668414032196499,6.18136970348603,17.462317103555666,59.88228156752191,38.22287039771467,0,1.4,2.4,2.3,2.3,0.4,43,39.6,40.8,46,1.428213140764366,5.379354907
UPS_H5,YF,UP,Reactor,2023,2.927758101453606,6.474304053287579,-2.5105263157894653,81.79167123450023,1.3457208438080632,0.2,1,1.7,2.2,2.5,2.8,47.2,43.3,42.3,45.1,0.37829465850579885,NA
UPS_H6,YF,UP,Reactor,2021,2.7473691761178713,-1.0322381417491662,6.1201272514923355,12.083700546028219,103.630523807226,0.1,1.8,2.5,3.2,3.1,2.9,45.8,39.6,39.4,47.3,2.056922832285297,6.449292669
UPS_H6,YF,UP,Reactor,2023,3.3162874348351945,1.4112467994755404,-4.360902255639089,15.875172219670823,140.57762232666593,0.2,1.2,0.6,1.3,0,3.3,45.1,44.7,45.7,0,1.5831526804714815,NA
UPS_H7,YF,UP,Reactor,2021,1.3516478479656668,7.225108704296028,8.388565221905,24.602376527847994,84.60284281536815,0,1.1,2.1,2,2.9,0.6,42.6,43.4,40.6,47.4,1.333082442435346,4.348871823
UPS_H7,YF,UP,Reactor,2023,3.467227196614065,15.106675454983979,36.347368421052636,66.09726670715989,-0.29230152657850006,0.2,1,1.5,3,2.8,2.6,45.1,44.1,42.8,47.7,0.7685872614119248,NA
UPS_H8,YF,UP,Reactor,2021,2.5417696241826935,6.221146090193921,23.133412029587333,37.12105250966777,56.061321327581396,0.2,1.3,3,2.6,2.6,2.6,48,39.6,45.2,47.2,1.3543918428726038,5.9061129260000005
UPS_H8,YF,UP,Reactor,2023,3.1399179922343587,7.38908702428049,14.14285714285715,15.875172219670823,124.1973986228003,0.2,1.7,2.1,1.8,2.5,3.6,46,43.8,43.7,46.1,1.1531228502542135,NA
YFH_H1,YF,YF,Resistor,2021,1.4898110944038108,18.333112533183662,32.207163911238,32.56880669809694,51.30440107961694,0.1,0.4,1.9,2.6,2.2,2.4,42.2,43,45.7,46.3,1.825863940125336,5.0386051085000005
YFH_H1,YF,YF,Resistor,2023,2.9343058043854437,-2.4988671143614236,8.591729323308277,66.09726670715989,24.27803402921995,0.1,1.1,1.8,2.4,0,1.9,44.9,43.4,42.7,0,1.3001567003905898,NA
YFH_H2,YF,YF,Resistor,2021,0.9383737086522326,12.480365061413448,37.87825883726966,55.33003575595108,22.762879591830178,0,0.8,2.7,2.2,3.1,0.7,44.4,45,50.3,65,1.362246256337973,5.6098664110000005
YFH_H2,YF,YF,Resistor,2023,3.1675675263473977,9.856728342532616,56.7015037593985,51.97230263255359,12.811877436514006,0.2,1.4,2.3,2.3,2.4,3.4,44.9,43.8,41.8,46.3,1.0965956943671615,NA
YFH_H3,YF,YF,Resistor,2021,1.3859663701241423,12.806333875359515,4.985908266286002,80.36738771959064,32.276720087759095,0.2,1.1,2.7,2.3,3,2.6,44.8,44.6,42.1,47.5,1.1962354426997126,5.9515468975
YFH_H3,YF,YF,Resistor,2023,3.050129872289409,5.7733779656029665,3.0406015037594063,68.45142738626095,24.27803402921995,0.3,1.2,1.7,2.3,2.3,3.6,45.1,42.4,44,45.9,0.9422875497013843,NA
YFH_H4,YF,YF,Resistor,2021,1.719743539978826,-7.960184696186992,7.254346236698669,63.29646592620003,45.35825076966136,0.2,1.4,2.6,3.3,1.2,2.2,65.7,50.6,46.2,45.7,1.729565412705271,6.0342494890000005
YFH_H4,YF,YF,Resistor,2023,3.9459337331805173,-5.543661845624333,-4.360902255639089,48.83342172708553,71.78068277043029,0.2,1.3,2.9,2,0,3.5,45.5,43.9,42.4,0,0.7895296755863316,NA
YFH_H5,YF,YF,Resistor,2021,1.2828021360129096,8.301307979620253,20.864974059174667,0.7030860171011503,95.30591337328819,0.2,2,3.5,2.4,1.6,2.4,44.9,46.2,41.9,45.2,2.0577761997758905,4.974467086
YFH_H5,YF,YF,Resistor,2023,3.116674081068975,10.237918959921007,-4.360902255639089,39.416779010681324,91.43695121506904,0.2,1.1,2,1.9,0,3,44.8,44.2,45.3,0,0.7563243205489437,NA
YFH_H6,YF,YF,Resistor,2021,3.349123229771627,12.704554312294343,8.388565221905,90.609940795625,15.62749921988349,0.2,0.7,1.7,1.6,2.7,3.2,45,39.6,43.9,47.3,0.9073702769985545,6.5575466549999994
YFH_H6,YF,YF,Resistor,2023,3.5373501378828798,0.3900310772766986,3.0406015037594063,66.09726670715989,29.192101140379638,0.2,1.2,1.7,2.4,2.2,3.4,47.1,44.2,42.8,47.9,1.0556698482148017,NA
YFH_H7,YF,YF,Resistor,2021,1.818674465906792,13.923019614781637,9.522784207111334,54.19197430305837,53.68286120359917,0.1,1.1,2.4,2.2,2.4,1.1,45.5,44.8,46,47.8,1.824744913398665,5.362339478
YFH_H7,YF,YF,Resistor,2023,3.4413116710698928,10.544784528926154,-4.360902255639089,71.59030829172902,25.91605639960651,0.2,1.3,2.4,1.9,1.9,3.3,46.8,43.9,46.1,39.6,0.6989302958111385,NA
YFH_H8,YF,YF,Resistor,2021,1.432774148923707,18.75648409155363,29.938725940825332,71.26289609644898,13.24903909590126,0.1,0.7,1.7,2.1,1.5,2.4,45.9,43.8,42.7,45.8,1.0894780208950123,6.431113592
YFH_H8,YF,YF,Resistor,2023,3.26850436522645,13.909082969617337,4.89097744360903,74.72918919719709,9.53583269574088,0.2,1.3,2.5,2.4,2.7,3.3,46.6,43.4,44,48.6,0.6347849672607796,NA
YFH_V1,YF,YF,Vegetation,2021,2.0125772332786154,22.508613085839293,3.8516892810796692,105.40473968323019,4.924428661963455,0.2,1.4,2.7,2.9,2.7,2.7,45.3,39.6,44.9,47.6,0.4440318488646092,5.1164530280000005
YFH_V1,YF,YF,Vegetation,2023,3.062131447150943,8.46603134188546,8.591729323308277,65.31254648079288,24.27803402921995,0.2,1.3,1.4,3.6,2.4,3,44.7,41.8,47.3,46.6,0.8994957984912599,NA
YFH_V2,YF,YF,Vegetation,2021,1.8013135714207005,18.87179165983101,31.072944926031663,26.878499433633408,58.439781451563626,0.1,1.4,1.5,2.1,2.3,2,45.7,45.9,42.1,46.9,1.633407572910934,6.010604596
YFH_V2,YF,YF,Vegetation,2023,2.975124467444934,9.84699838682055,17.843609022556397,14.30573176693679,124.1973986228003,0.2,1.4,1.5,1.8,2.2,3.8,44.9,42.4,41.9,45.8,0.731253237268937,NA
YFH_V3,YF,YF,Vegetation,2021,1.4115872798182676,13.318176923856068,14.059660147936667,67.84871173777086,34.655180211741325,0.1,0.6,2.4,2.5,1.7,2.1,48.3,39.6,50.7,47.7,1.4073290711942446,5.3016254785
YFH_V3,YF,YF,Vegetation,2023,2.908218737713156,20.458261062756964,-4.360902255639089,44.909820595250444,79.9707946223631,0.2,1.5,3.3,1.6,0,2.5,44.5,43.3,44.6,0,1.1678191312583586,NA
YFH_V4,YF,YF,Vegetation,2021,1.3426533163931467,-2.6765921708857525,19.730755073968332,76.95320336091251,18.00595934386572,0.2,1,1.5,2.2,3.7,3.5,46.1,42.3,43.6,83,1.1671601704107626,5.060809789
YFH_V4,YF,YF,Vegetation,2023,2.9697016960282503,-4.39495437230082,30.79624060150376,56.68062399075569,24.27803402921995,0.2,1.4,1.9,1.2,2.5,2.7,46.2,44.3,44,46.3,0.9962980636009784,NA
YFH_V5,YF,YF,Vegetation,2021,1.2437937758422601,7.628482464905954,10.657003192317667,74.6770804551271,28.709029901785755,0.1,0.4,2.3,2.4,2.5,1.3,41.8,44.8,44.4,46.7,1.2051006057311697,4.479320141500001
YFH_V5,YF,YF,Vegetation,2023,2.9772590769030343,11.471954121742694,21.544360902255644,62.17366557532481,21.001989288446822,0.2,1.3,2.4,2.5,2.5,2.9,43.3,46.4,43.5,46.5,1.0177806915319099,NA
YFH_V6,YF,YF,Vegetation,2021,1.6486110021262863,23.86747031036842,15.193879133143,89.4718793427323,9.681348909927914,0.1,1.5,2.8,2.4,2.4,1,44.9,39.6,43.7,47.3,0.7713175808876835,5.1967882595
YFH_V6,YF,YF,Vegetation,2023,2.9549261233659987,19.815042729433454,75.20526315789473,17.44461267240486,65.22859328888403,0.2,1,1.3,1.9,2.1,2.5,30.7,44.2,46.6,47.2,1.1262320584554015,NA
YFH_V7,YF,YF,Vegetation,2021,2.860747854283172,5.4622682101398565,26.53606898520633,63.29646592620003,27.51979983979464,0.1,1.1,1.8,2.1,3,1.4,45.3,44.5,44.8,48.4,1.4186314416408188,4.450432585
YFH_V7,YF,YF,Vegetation,2023,3.0299752380935283,8.129069893295997,15.993233082706773,40.98621946341536,68.50463802965716,0.2,0.7,1.5,1.6,2.3,2.6,47.3,42.6,45.3,46.5,1.4973359802532253,NA
YFH_V8,YF,YF,Vegetation,2021,1.7029955606072487,23.07516211701577,10.657003192317667,78.09126481380522,26.330569777803525,0.1,0.9,2.8,2.6,2.9,2,44.5,45,40,41.8,1.1349455460027458,6.0737127345
YFH_V8,YF,YF,Vegetation,2023,2.6829770981300367,25.438352360662694,-4.360902255639089,59.81950489622376,48.848369585018396,0.2,0.9,3,2.6,0,3,45.7,44.5,44.9,0,0.7801973743557585,NA
YFN_H1,UP,YF,Resistor,2021,1.9520012874790882,-0.5013414942348409,9.361916558230307,44.81967211019383,48.58545598187171,0.2,1.3,2.4,2.2,1.4,2.8,46.2,39.6,45.3,44.5,1.0324852670419034,6.536577972
YFN_H1,UP,YF,Resistor,2023,2.29741715462622,-0.9413803678604038,14.520199778024427,91.86293045239702,8.421725354003698,0.2,1.7,1.5,1.6,2.1,3.1,43.3,42.8,44.7,43.6,0.7067647297246494,NA
YFN_H2,UP,YF,Resistor,2021,2.1017016595638305,0.398873943604519,13.932555465191921,69.37089174598877,16.141835627630208,0.2,0.6,2.8,2,1.7,2.6,47.8,42.1,43.5,45.6,0.854051576154245,6.2974344175
YFN_H2,UP,YF,Resistor,2023,2.5723459745187807,2.3698454851358086,21.988568257491682,94.75493961767083,-8.111025581353704,0.2,1.2,1.5,1.7,2.6,3.2,44.1,42.8,45.1,50.9,0.5730042105570212,NA
YFN_H3,UP,YF,Resistor,2021,2.4389393683501743,-2.3135523429240177,24.216493005855554,31.274171621479375,51.627045390081854,0.2,0.9,1.8,1.5,2.2,2.3,44.2,44.5,44.7,46.9,1.504324692060047,6.9666014595
YFN_H3,UP,YF,Resistor,2023,2.5824166234110155,3.358584276695263,16.01387347391788,40.77076853255997,115.88460643382682,0.2,1.2,1.8,1.6,2.3,2.9,43.9,42.8,45.6,45.3,1.132925697309554,NA
YFN_H4,UP,YF,Resistor,2021,1.7232129926469324,-2.835723098222668,7.0765971047495,30.42757784093472,68.86271870327265,0.2,1.6,1.8,3.3,0,3,45.7,40.3,44,0,1.4481552714160582,6.7139474295
YFN_H4,UP,YF,Resistor,2023,2.924085503609534,6.193635438597559,16.01387347391788,44.62678075292503,107.61823096614812,0.2,1.2,1.1,1.9,3.6,2.9,45,43.5,45.9,84,1.7491470314617679,NA
YFN_H5,UP,YF,Resistor,2021,2.6496779228397167,-2.482342853683188,8.219256831489904,49.05264101291709,45.543866573661575,0.2,0.6,2.3,2.7,0,2.8,45.6,44.1,46.5,0,1.3553159150606913,6.8932688175
YFN_H5,UP,YF,Resistor,2023,2.195330800306239,-1.147651172974197,20.494894561598233,62.94283879965907,60.08657202699558,0.3,0.8,1.3,2.3,2.9,3.6,44.4,43.8,46.4,47.4,1.5225107184017923,NA
YFN_H6,UP,YF,Resistor,2021,1.8110874346825372,-5.1215598233027935,45.92702781392322,22.80823381603284,44.530003437591525,0.2,0.6,1.9,2.8,2.2,2.7,46.6,39.6,45.2,46.8,1.2424021916470207,5.9185268345
YFN_H6,UP,YF,Resistor,2023,2.3534769149416213,3.5280075854919226,50.36836847946726,25.346719651099725,99.3518554984694,0.2,1.3,2.1,2,2.5,3,45,42.6,44.3,45,1.0476028666054944,NA
YFN_H7,UP,YF,Resistor,2021,1.851301720165183,-2.712918608954644,26.50181245933636,54.132203696185016,23.238877580120537,0.2,0.6,2.1,1.6,2.2,2.7,40.5,41.4,44.4,46.4,1.193629451872915,7.0113147965
YFN_H7,UP,YF,Resistor,2023,3.0068229739483385,10.155830131651395,84.72286348501665,33.05874409182985,35.28744562395948,0.2,1,1.6,1,2.2,3.1,43.7,41.3,45.8,44.6,1.3830277195844793,NA
YFN_H8,UP,YF,Resistor,2021,2.2251483293487735,-0.38575263731425424,28.787131912817166,65.98451662381015,7.017067402999786,0.2,0.9,3.6,2.3,2,3.5,44.1,44.8,46.1,46.8,0.8389805680932069,6.5911304825000006
YFN_H8,UP,YF,Resistor,2023,2.6468718507884965,-4.558107495650878,75.76082130965594,61.01483268947654,-10.17761944827338,0.2,1,1.5,1.6,2.5,3.7,43.2,42.6,43.3,46.3,0.7511114222142301,NA
